pointer_offsets;pointer_value;separators;extract
0x8D3E40;0x00949720;00 00;１
0x8D3E44;0x00949724;00 00;２
0x8D3E48;0x00949728;00 00;３
0x8D3E54;0x0094972C;00 00;６
0x2150B4;0x00949730;00 00 FF FF;loading failed                  
0xC291A0;0x00949774;00 00 00 00;Back to the title screen† ？         
0xC291A4;0x009497C0;00 00 00 00;Current progress†Is it good to save？            
0xC29190;0x00949824;00 00 00 00;Configure the environment           
0xC29184;0x00949870;00 00;Set up swelling communication            
0xC2917C;0x009498C4;00 00 00 00;Perform various Fights such as communication
0xC29198;0x0094991C;00 00;Buy Cards and Recipes  
0xC29180;0x0094994C;00 00 00 00;Enter your password                 
0xC2918C;0x00949998;00 00;Check how to play Fight              
0xC29188;0x009499E4;00 00 00 00;Check collected cards       
0xC29178;0x00949A20;00 00 00 00;Create and edit decks           
0xC29194;0x00949A64;00 00;Follow the story 
0xC2919C;0x00949A88;00 00 FF FF;Back to the title screen  
0x8D3F38;0x00949AC0;00 00 00 00;This is a condition that you can get a bonus with the Fight。†LET'S CHALLENGE AND AIM FOR HIGH-VOLUME VP ACQUISITION。
0x8D3F48;0x00949B78;00 00;This is the name displayed in the communication Fight。†Set your favorite title。              
0x8D3F40;0x00949C34;00 00;It is a message to display in the communication Fight。†Set a message to your opponent。
0x8D3F20;0x00949CC8;00 00;You can buy packs and recipes。†Let's make various decks。       
0x8D3F18;0x00949D48;00 00 00 00;Create a deck with the collected cards。†You can also set sleeves and play mats。
0x8D3F28;0x00949DC8;00 00;Characters and other events†Returns player win rates and information               
0x8D3F60;0x00949E70;00 00 00 00;Set up swelling communication†Can be changed      
0x8D3F50;0x00949ED8;00 00; 's appearance and name、 †Can be changed                         
0x8D3F10;0x00949F5C;00 00;STARTチュートリアル†You can exit in the middle                                        
0x8D3F70;0x00949FFC;00 00;Get cards†You can check                  
0x8D3F08;0x0094A050;00 00;Fight Flow、ルール、Terms†You can check with actual operation                       
0x8D3F68;0x0094A0F0;00 00 00 00;Enter your password to enter your card†Get it     
0x8D3F30;0x0094A158;00 00;Used by other players†You can also save recipes  
0x8D3F78;0x0094A1BC;00 00 00 00;WITH CP、Have a card†You can also increase     
0x8D3F58;0x0094A21C;00 00;Characters and events†Fight with other players through communication
0xC293B0;0x0094A298;00 00 00 00;Deck customization
0xC293B8;0x0094A2B0;00 00;Contact Us
0xC293B4;0x0094A2BC;00 00;Collection
0xC293BC;0x0094A2CC;00 00;Home     
0xC295E0;0x0094A2E0;00 00;Additional data is damaged。†Create additional data again。        
0xC295DC;0x0094A364;00 00 00 00;No save data found。†Create new data。                              
0xC295E8,0xC29600;0x0094A3EC;00 00;SD CARD IS PROHIBITED。†FAILED TO WRITE TO SD CARD。                               
0xC295F0;0x0094A490;00 00;I COULD NOT RECOGNIZE THE SD CARD。†FAILED TO WRITE TO SD CARD。     
0xC295E4,0xC295FC;0x0094A518;00 00 00 00;NO SD CARD SPACE AVAILABLE。†FAILED TO WRITE TO SD CARD。                         
0xC295CC;0x0094A5BC;00 00 00 00;SAVE TO SD CARD？
0xC29614;0x0094A5DC;00 00;SD CARD LOCK-ON VICTORY!!Home†Can I read save data？
0xC295C4;0x0094A63C;00 00 00 00;Data stored in the future†Unlimited Data                                      
0xC295C8;0x0094A6DC;00 00 00 00;本作、StrideTubictory!!Home†Save data that cannot be read      
0xC29624;0x0094A758;00 00;Additional data is damaged   
0xC295D0;0x0094A794;00 00 00 00;SAVE TO SD CARD
0xC29610;0x0094A7B4;00 00 00 00;Read save data†You can take over the card           
0xC295C0;0x0094A820;00 00 00 00;SAVE PLAY DATA TO SD CARD 
0xC2960C;0x0094A858;00 00;SD CARD LOCK-ON VICTORY!!Home†Load save data 
0xC295D8,0xC2961C;0x0094A8B4;00 00;I COULD NOT RECOGNIZE THE SD CARD
0xC29620;0x0094A8E8;00 00;ｶｰﾄﾞﾌｧｲﾄ!! ｳﾞｧﾝｶﾞｰﾄﾞ ﾛｯｸ ｵﾝ ﾋﾞｸﾄﾘｰ!!Home†No save data found  
0xC29608;0x0094A964;00 00;FAILED TO WRITE TO SD CARD             
0xC295EC;0x0094A9B4;00 00 00 00 FF FF;SD WRITING TO SD CARD                  
0xC29740;0x0094AA08;00 00;・Select the same Fight mode as the opponent。†・The parent machine sets the location number、Place†　Choose to make。†・The child machine sets the same place number as the parent machine、†　Choose Go to Fight Place。                     
0xC29748;0x0094ABD4;00 00;・Select the same Fight mode as the opponent。†・The parent machine chooses to make the Fight place。†- Select the child machine to go to the Fight place。
0xC29744;0x0094ACF8;00 00 00 00;- Auto save before fighting。†・CLOSE NINTENDO 3DS BODY、†　The communication is disconnected by sleeping mode。†・Internet communication Fight、†　There is a limit time for each turn。
0xC2973C;0x0094AE3C;00 00 00 00;- Auto save before fighting。†・CLOSE NINTENDO 3DS BODY、†　The communication is disconnected by sleeping mode。
0xC29724;0x0094AF04;00 00;Fight with this user？
0xC2974C;0x0094AF5C;00 00;Please note the following points in the communication fight
0xC29710;0x0094AFC8;00 00;Choose the opponent to Fight         
0xC29718;0x0094B014;00 00 00 00;Looking for Fight Place     
0xC29714;0x0094B050;00 00;Connect to the server
0xC29728;0x0094B07C;00 00;Waiting for opponent   
0xC2971C;0x0094B0AC;00 00;Waiting for the opponent   
0xC296F8;0x0094B0E4;00 00;Change the number of the Fight location  
0xC296F4;0x0094B138;00 00 00 00;Change Fight Mode     
0xC296F0;0x0094B168;00 00 00 00;De  the created Fight Place               
0xC29720;0x0094B1C0;00 00;Connect to Fight Place       
0xC296E8,0xC29C0C;0x0094B1FC;00 00;Check the regulations  
0xC296E4;0x0094B22C;00 00 00 00;Use the Internet to Fight 
0xC296E0;0x0094B264;00 00;DIRECTLY COMMUNICATE WITH NEARBY 3DS     
0xC296FC;0x0094B2B8;00 00;Fight with friends
0xC29708;0x0094B2D4;00 00 00 00;Fight with stronger users         
0xC29700;0x0094B31C;00 00;We will fight with nationwide ranking
0xC29704;0x0094B350;00 00 00 00;Fight as much strength as possible  
0xC2970C;0x0094B39C;00 00;Fight with all users
0xC296EC;0x0094B3C0;00 00 00 00;Make a Fight Place        
0x5C4E90,0xC29730;0x0094B3F8;00 00;No opponent found                
0xC2972C;0x0094B43C;00 00 00 00;Canceled            
0xC29734;0x0094B468;00 00 00 00;This opponent is playing、No more    
0xC29738;0x0094B4B4;00 00;Because each other's version is different†No Fighting
0xC296D8;0x0094B504;00 00 00 00;World Fight
0xC296D4;0x0094B518;00 00 00 00;Friend Fight
0xC296D0;0x0094B52C;00 00;Internet Communication Fight
0xC296CC;0x0094B548;00 00 00 00;Local Communication Fight
0xC296DC;0x0094B560;00 00 FF FF;場所番号
0xC298D4,0xDB02BC;0x0094B56C;00 00;Too strong！  
0xC298B0,0xDB0298;0x0094B588;00 00;No next loss！        
0xC298C0,0xDB02A8;0x0094B5B4;00 00;Nice Playing！
0xC298CC,0xDB02B4;0x0094B5C8;00 00 00 00;Nice Fight！
0xC29894;0x0094B5DC;00 00;I got a collection pack from the opponent。†1 pack open。  
0xC29898,0xDB0280;0x0094B650;00 00;I sent a collection pack to the opponent。†You can open one pack。         
0xC2989C;0x0094B6E4;00 00;I got a collection pack from the opponent。†2 packs open。 
0xC2988C;0x0094B758;00 00;IS IT POSSIBLE TO USE A COLLECTION PACK WITH 100CP？†（Send、You can open a collection pack）
0xC298B4,0xDB029C;0x0094B804;00 00 00 00;wind stopped…       
0xC298C4,0xDB02AC;0x0094B830;00 00;I'm sorry…       
0xC298DC,0xDB02C4;0x0094B854;00 00 00 00;You、Original…           
0xC298AC,0xDB0294;0x0094B888;00 00;What is triggering…
0xC29888;0x0094B8B0;00 00;Select a comment to send to the other party  
0xC298D0,0xDB02B8;0x0094B90C;00 00 00 00;It was fun    
0xC298A0;0x0094B92C;00 00 00 00;Choose your partner     
0xC298BC,0xDB02A4;0x0094B960;00 00;Thank you for your understanding
0xC298A8,0xDB0290;0x0094B988;00 00;Good Fight
0xC298A4,0xDB028C;0x0094B99C;00 00;Thank you very much
0xC298D8,0xDB02C0;0x0094B9B4;00 00;Lost       
0xC298B8,0xDB02A0;0x0094B9CC;00 00 00 00;Study             
0xC298C8,0xDB02B0;0x0094B9F4;00 00 FF FF;              
0x5C8824;0x0094BA14;00 00;BECAUSE WIRELESS COMMUNICATION IS TURNED OFF†No communication。††TURN ON WIRELESS COMMUNICATION。
0xC29AB4;0x0094BA68;00 00 00 00;Change communication avatar？    
0xC29AB8;0x0094BAAC;00 00 FF FF;Choose the avatar to change           
0xC29B6C;0x0094BAFC;00 00 00 00;This deck is not available in clanfight。†Warning statement、ON OPTIONAL/OFF。
0xC29B70;0x0094BB80;00 00 00 00;First Vanguard not set。†Do you still have deck editing？
0xC29B4C,0xC29CDC;0x0094BBD8;00 00;50 cards in the deck                       
0xC29B50;0x0094BC30;00 00 00 00;4 cards with the same name already  
0xC29B58;0x0094BC7C;00 00 00 00;4 cards already included              
0xC29B54;0x0094BCCC;00 00;16 cards already included            
0xC29B68;0x0094BD18;00 00 00 00;Substましたted Deck for Extreme    
0xC29B74;0x0094BD5C;00 00;New Deck
0xC29B5C;0x0094BD68;00 00;This card does not have any more   
0xC29B64;0x0094BDB0;00 00;CANNOT BE USED FOR FV IN CRANFITE
0xC29B60;0x0094BDE8;00 00 FF FF;Optionally you can't use the Extreme Fight Deck
0xC29BB4;0x0094BE28;00 00 00 00;Back to the deck？                         
0xC29BB8;0x0094BE80;00 00 00 00;Empty Deck？       
0xC29BB0;0x0094BEA8;00 00 FF FF;Reset Filtering Conditions？             
0xC29C2C;0x0094BEFC;00 00 00 00;Deck Name、Contact Us†can touch more people's eyes。††What other people become uncomfortable、Illegal Content、†Content that infringes the rights of others、Personal Information†Do not use。                                                                                  
0xC29BF8;0x0094C114;00 00;Set the current deck                       
0xC29BFC;0x0094C16C;00 00;Create decks from empty state            
0xC29C1C;0x0094C1C0;00 00 00 00;Set the play mat design   
0xC29C18;0x0094C1F8;00 00 00 00;Set sleeve design       
0xC29C28;0x0094C22C;00 00 00 00;Change stand-up audio             
0xC29C14;0x0094C274;00 00;現在、Change the name of the deck in the settings       
0xC29C24;0x0094C2E0;00 00;Change deck icon       
0xC29C08;0x0094C310;00 00 00 00;Change deck customization options
0xC29C20;0x0094C350;00 00;Change Avatar      
0xC29C10;0x0094C378;00 00;現在、Edit the Deck in Settings               
0xC29C04;0x0094C3D0;00 00;Register card combination      
0xC29C00;0x0094C410;00 00;Read card combination              
0xC29C68;0x0094C458;00 00;Select the icon          
0xC29CEC;0x0094C48C;00 00;The current deck cannot be used in the Fight。†Can I read other recipes？
0xC29CD8;0x0094C518;00 00;50 cards in the deck                   
0xC29CE8;0x0094C568;00 00 00 00;16 triggers                 
0xC29CE4;0x0094C5A4;00 00 00 00;Below 4 heel triggers             
0xC29CE0;0x0094C5EC;00 00;8 CARDS IN THE G-Dを                        
0xC29D28;0x0094C644;00 00 FF FF;The opponent chooses the deck     
0xC29E44;0x0094C68C;00 00;Use this recipe？   
0xC29E2C;0x0094C6B4;00 00;Register now deck content？               
0xC29E34;0x0094C708;00 00 00 00;Register the content of the opponent's deck recipe？
0xC29E40;0x0094C768;00 00 00 00;Remove this recipe？   
0xC29E30;0x0094C798;00 00;Overwrite current deck content？          
0xC29E38;0x0094C7EC;00 00 00 00;Overwrite the content of the opponent's deck recipe？
0xC29E3C;0x0094C84C;00 00 00 00;Can I read this recipe？               
0xC29E20;0x0094C89C;00 00;未設定          
0xC29E48;0x0094C8B8;00 00 00 00;After 1 minute、The Deck Now†Selected              
0xC29E4C;0x0094C920;00 00;After 1 minute、Deck Recipes†Selected automatically     
0xC29E54;0x0094C990;00 00 00 00;Extreme Fight Deck Options†Not readable
0xC29E50;0x0094C9E0;00 00;Deck for Extreme Fight†Cannot be used        
0xC29E28;0x0094CA3C;00 00;Other Fighter Decks
0xC29E90;0x0094CA54;00 00 FF FF;Recruit 
0xC29FA8;0x0094CA68;00 00;Choose the voice you want to change          
0xC34304,0xC3438C,0xCB297C,0xCB2A04,0xCB9F6C,0xCB9FF4,0xCBB28C,0xCBB314,0xD9FF64,0xDA15CC,0xDA15D4,0xDA167C,0xDA16DC,0xDA1A2C,0xDA1A8C,0xDA1AC4,0xDA1AE4,0xDA1B4C;0x0094CAC4;00 00 00 00;Blaster Blade Explorer
0xCB2BCC,0xCB2CCC,0xCB4EAC,0xCB4F34,0xCBC6CC,0xCBC6FC,0xCBC7CC,0xCBC7FC,0xCC431C,0xCC434C,0xCC441C,0xCC444C,0xCC94DC,0xCC9564,0xCD5DBC,0xCD5DEC,0xCD5F44,0xCD5F74,0xCD9A4C,0xCD9A7C,0xCD9BD4,0xCD9C04,0xCDA92C,0xCDA95C,0xCDAAB4,0xCDAAE4,0xD1F71C,0xD1F81C,0xD1F894,0xD3ACBC,0xD3ACEC,0xD3ADDC,0xD3AE44,0xD9FF5C,0xD9FF74,0xD9FF7C,0xD9FF84,0xDA1534,0xDA158C,0xDA15C4,0xDA161C,0xDA1624,0xDA1684,0xDA16E4,0xDA174C,0xDA17CC,0xDA17D4,0xDA187C,0xDA190C,0xDA1914,0xDA1A1C,0xDA1A84,0xDA1ABC,0xDA1AD4,0xDA1B3C,0xDA1B54,0xDA265C,0xDA29BC,0xDA29CC,0xDA2A2C;0x0094CAE4;00 00;探索者
0xC35EB4,0xC35FB4,0xC36504,0xC3658C,0xC7DE84,0xC7DF94,0xC7EF84,0xC7F00C,0xC8020C,0xC80294,0xC851CC,0xC852DC,0xC8F45C,0xC8F4E4,0xC9075C,0xC907E4,0xC967A4,0xC9682C,0xCA0CDC,0xCA0D64,0xCA85FC,0xCA8684,0xCAA39C,0xCAA4AC,0xCAB4BC,0xCAB5BC,0xCAEA44,0xCAEACC,0xCB15D4,0xCB16E4,0xCBB5CC,0xCBB754,0xCBC90C,0xCBCA0C,0xCBDE1C,0xCBDEA4,0xCC321C,0xCC33A4,0xCC4A8C,0xCC4C14,0xCC4C9C,0xCC4D24,0xCD5FDC,0xCD6164,0xCD772C,0xCD783C,0xCD9C6C,0xCD9DF4,0xCE014C,0xCE01D4,0xD201AC,0xD20234,0xD3290C,0xD32A1C,0xD370C4,0xD371D4,0xD9FEC4,0xD9FECC,0xD9FED4,0xD9FEDC,0xD9FEE4,0xD9FFB4,0xD9FFCC,0xD9FFD4,0xD9FFDC,0xD9FFE4,0xD9FFEC,0xDA0B7C,0xDA0B9C,0xDA0BDC,0xDA0BE4,0xDA0CB4,0xDA0CEC,0xDA0CFC,0xDA0E7C,0xDA0ECC,0xDA0EFC,0xDA0F74,0xDA0F7C,0xDA0F84,0xDA0FF4,0xDA1164,0xDA125C,0xDA12BC,0xDA132C,0xDA1364,0xDA1394,0xDA13A4,0xDA13B4,0xDA1444,0xDA14DC,0xDA16EC,0xDA175C,0xDA178C,0xDA17DC,0xDA17E4,0xDA181C,0xDA18A4,0xDA18B4,0xDA1A34,0xDA1AA4,0xDA1ACC,0xDA1AEC,0xDA1BA4,0xDA1BE4,0xDA28AC,0xDA28BC,0xDA28D4,0xDA2934,0xDA293C;0x0094CAEC;00 00;解放者
0xC3BF74,0xC3BFFC,0xCDCD5C,0xCDCDD4,0xD1B41C,0xD1B4A4,0xD1BB04,0xD1BB8C,0xD1C9C4,0xD1CA4C,0xD1E7A4,0xD1E82C,0xD1E93C,0xD1E9C4,0xD2A41C,0xD2A4A4,0xDA001C,0xDA0024,0xDA002C,0xDA0034,0xDA1B94,0xDA1C0C,0xDA255C,0xDA257C,0xDA2584,0xDA25A4,0xDA25CC,0xDA25E4,0xDA2634,0xDA263C,0xDA2844,0xDA2A7C;0x0094CAF4;00 00;根絶者
0xC7E4E4,0xC7E5F4,0xC7E704,0xC7E814,0xC8582C,0xC8593C,0xC85A4C,0xC85B5C,0xCA199C,0xCA1A24,0xCA92BC,0xCA9344,0xCD18BC,0xCD19CC,0xCD1E74,0xCD1EFC,0xD32BB4,0xD32CC4,0xD9FEEC,0xD9FEF4,0xD9FEFC,0xDA0B84,0xDA0B8C,0xDA0BBC,0xDA0C24,0xDA0C2C,0xDA0CBC,0xDA0CC4,0xDA0D1C,0xDA0D2C,0xDA0D7C,0xDA0D84,0xDA0E0C,0xDA0E4C,0xDA0E84,0xDA0F0C,0xDA0FFC,0xDA1184,0xDA11B4,0xDA121C,0xDA12DC,0xDA19CC,0xDA19D4,0xDA19DC,0xDA19E4,0xDA26A4,0xDA28CC,0xDA28DC;0x0094CAFC;00 00;抹消者
0xD0C81C,0xD0C8A4,0xD0EDD4,0xD0EE5C,0xD0F5CC,0xD0F654,0xDA2274,0xDA22DC,0xDA22FC,0xDA231C;0x0094CB04;00 00;Blaster Dark Blower “Abyss”
0xCB31FC,0xCB3284,0xCBA5CC,0xCBA654,0xDA1564,0xDA16AC;0x0094CB30;00 00 00 00;ULTIMATE Rイザー DF
0xC95CE4,0xC95D6C,0xC96234,0xC96344,0xCAACC4,0xCAAD4C,0xCB1EFC,0xCB1F84,0xDA0F5C,0xDA0F64,0xDA0FCC,0xDA0FD4,0xDA0FDC,0xDA0FE4,0xDA134C,0xDA13F4,0xDA146C,0xDA1474,0xDA14FC,0xDA278C;0x0094CB50;00 00;Silver 
0xCACEA4,0xCACF2C,0xCE19BC,0xCE1A44,0xDA130C,0xDA1344,0xDA13CC,0xDA13D4,0xDA13E4,0xDA13EC,0xDA145C,0xDA1464,0xDA14F4,0xDA26CC;0x0094CB58;00 00;Я
0xCB792C,0xCB79B4,0xDA1634;0x0094CB5C;00 00 00 00;MARINE Rイザー HT
0xCB3FCC,0xCB4054,0xDA159C;0x0094CB74;00 00; Rイザー FW     
0xCCA9A4,0xCCAA2C,0xDA176C,0xDA1794,0xDA17F4,0xDA17FC,0xDA1804,0xDA188C,0xDA18C4,0xDA192C,0xDA1934;0x0094CB90;00 00 00 00;煉獄
0xC8B0E4,0xC8B16C,0xD78170,0xD9A2BC,0xD9B960,0xD9BA74,0xD9BB88;0x0094CB98;00 00 00 00;Home
0xCB2DEC,0xCB2EEC,0xCBA2CC,0xCBA3CC,0xD3D84C,0xD3D8D4,0xD9FF9C,0xD9FFA4,0xD9FFAC,0xDA1544,0xDA1594,0xDA168C,0xDA169C,0xDA299C,0xDA2A34;0x0094CBA4;00 00;喧嘩屋
0xCFA6B4,0xCFA7C4,0xCFCBE4,0xCFCCF4,0xD17BCC,0xD17C54,0xDA1F2C,0xDA1F64,0xDA1F6C,0xDA1FB4,0xDA21A4,0xDA21AC,0xDA248C,0xDA24DC,0xDA24FC,0xDA2514;0x0094CBAC;00 00 00 00;PR♥ISM
0xD297E4,0xD2986C,0xD706A4,0xDA281C;0x0094CBBC;00 00;Battle Sister Home
0xCAD964,0xCAD9EC,0xCB024C,0xCB02D4,0xCB035C,0xCB03E4,0xDA13FC,0xDA1404,0xDA147C,0xDA1484,0xDA148C,0xDA1494;0x0094CBD8;00 00 00 00;蒼嵐
0xC99334,0xC993BC,0xC9A8FC,0xC9A984,0xDA0724,0xDA0A24,0xDA0A84,0xDA0B54,0xDA0C34,0xDA0C9C,0xDA0CA4,0xDA1054,0xDA1064,0xDA1094,0xDA10BC,0xDA10EC,0xDA110C,0xDA111C,0xDA1EE4;0x0094CBE0;00 00 00 00;獣神
0xD14AEC,0xD14B74,0xDA15F4,0xDA15FC,0xDA165C,0xDA2434,0xDA244C,0xDA245C,0xDA2774;0x0094CBE8;00 00;鋼闘機
0xCE7274,0xCE72FC,0xD3B96C,0xD3B9F4,0xDA1CC4,0xDA29F4;0x0094CBF0;00 00;Masining Hornet mkⅡ
0xD05DFC,0xD05F0C,0xD0601C,0xD0612C,0xD06EFC,0xD06F84,0xD0700C,0xD07094,0xD0AA7C,0xD0AB8C,0xD0AC9C,0xD0ADAC,0xD0BB7C,0xD0BC04,0xD0BC8C,0xD0BD14,0xD1769C,0xD17814,0xD17E74,0xD17EFC,0xD17F84,0xD1800C,0xD41A3C,0xD41B4C,0xDA2124,0xDA212C,0xDA2134,0xDA213C,0xDA2144,0xDA214C,0xDA2154,0xDA215C,0xDA2164,0xDA216C,0xDA2184,0xDA218C,0xDA2194,0xDA219C,0xDA21B4,0xDA21BC,0xDA21C4,0xDA21CC,0xDA21D4,0xDA21DC,0xDA21F4,0xDA21FC,0xDA2204,0xDA220C,0xDA2214,0xDA221C,0xDA2224,0xDA222C,0xDA2234,0xDA223C,0xDA2244,0xDA224C,0xDA2254,0xDA225C,0xDA24BC,0xDA24CC,0xDA24D4,0xDA24EC,0xDA24F4,0xDA2504,0xDA250C,0xDA26E4,0xDA26EC,0xDA27FC,0xDA2A74;0x0094CC10;00 00;Duo
0xD0FEE4,0xD0FFE4,0xD3A55C,0xD3A5E4,0xDA1BDC,0xDA1D04,0xDA1D0C,0xDA1D14,0xDA1D1C,0xDA1D24,0xDA2284,0xDA229C,0xDA22B4,0xDA22BC,0xDA22CC,0xDA22D4,0xDA22E4,0xDA230C,0xDA2334,0xDA234C,0xDA236C,0xDA237C,0xDA23B4,0xDA23D4,0xDA23F4,0xDA29B4;0x0094CC18;00 00 00 00;魔女
0xC98A3C,0xC98AB4,0xC9FE0C,0xC9FE84,0xCD687C,0xCD6A04,0xCDA50C,0xCDA694,0xD33A0C,0xD33A94,0xD9FF1C,0xD9FF24,0xDA0004,0xDA000C,0xDA0014,0xDA1084,0xDA109C,0xDA113C,0xDA172C,0xDA1814,0xDA185C,0xDA1A64,0xDA1A74,0xDA1B1C,0xDA1B2C,0xDA1B64,0xDA1B74,0xDA1BFC,0xDA1C04,0xDA28EC,0xDA28FC,0xDA2904;0x0094CC20;00 00;星輝兵
0xC83494,0xC8351C,0xD78180,0xD99F80,0xD9A3D0,0xD9B510,0xD9B624;0x0094CC28;00 00 00 00;Home
0xC865FC,0xC8670C,0xC8DBEC,0xC8DCFC,0xC98E6C,0xC98EF4,0xDA0D04,0xDA0D4C,0xDA0DBC,0xDA0DCC,0xDA0E34,0xDA1044,0xDA108C,0xDA10B4,0xDA10FC,0xDA1C84,0xDA1CFC,0xDA273C;0x0094CC34;00 00 00 00;守護天使
0xCD6D14,0xCD6E24,0xCDDCA4,0xCDDD2C,0xDA1A94,0xDA1BB4;0x0094CC40;00 00;Blue
0xCB9774,0xCB97FC;0x0094CC48;00 00 00 00;Carnation Gunman Persian
0xCB908C,0xCB9114,0xD5DD10,0xD5DD14,0xDA1664;0x0094CC6C;00 00 00 00;David Lee Monti
0xD1F90C,0xD1F994,0xDA266C;0x0094CC84;00 00 00 00;Brawler リ 
0xD29CAC,0xD29D34,0xDA282C;0x0094CC9C;00 00 00 00;修羅忍竜 Dharanikongou
0xD0148C,0xD0159C,0xD20E6C,0xD20EF4,0xDA202C,0xDA2054,0xDA205C,0xDA2064,0xDA208C,0xDA2094,0xDA20CC,0xDA20EC,0xDA20FC,0xDA26AC;0x0094CCB8;00 00;ブラウ
0xCC782C,0xCC78B4,0xDA18DC;0x0094CCC0;00 00 00 00;ス   
0xCC067C,0xCC0704,0xDA17EC;0x0094CCCC;00 00 00 00;煉獄導師 ア    
0xC35404,0xC3548C,0xD9FF94;0x0094CCE4;00 00 00 00;Prison Chain Brawler Home
0xCB2B9C,0xCB2C24,0xDA153C;0x0094CD00;00 00;Explorer Celdyk
0x8D5888,0x8D7204,0x8D751C,0xC3E6A4,0xC3E72C,0xD4C2EC,0xD4C2F0,0xD4D0BC,0xD4D0C0,0xD71C60,0xD71C64,0xDA007C,0xDA02B4,0xDA03AC,0xDA0434,0xDA043C,0xDA044C,0xDA050C,0xDA05D4,0xDA067C;0x0094CD1C;00 00;Blaster Dark
0xCCF7AC,0xCCF834,0xD61790,0xD61794,0xDA1984;0x0094CD30;00 00;Steam Night ザ
0xCABDC4,0xCABDE4,0xCABE4C,0xCABED4,0xCB0A44,0xCB0ACC,0xCB255C,0xCB257C,0xCB25E4,0xCB266C,0xD21FF4,0xD220F4,0xD24854,0xD24964,0xD3B9AC,0xD3BB24,0xDA137C,0xDA1414,0xDA149C,0xDA14A4,0xDA14AC,0xDA14B4,0xDA14BC,0xDA1524,0xDA1CBC,0xDA1CD4,0xDA1D2C,0xDA1D34,0xDA1D6C,0xDA1D8C,0xDA1D94,0xDA1D9C,0xDA26F4,0xDA27B4,0xDA29EC;0x0094CD48;00 00;マ    
0xCFBD8C,0xCFBE14,0xD781A4,0xD9B0C0,0xD9D004;0x0094CD54;00 00 00 00;Bermuda△
0xD3C274,0xD3C2FC,0xDA2A04;0x0094CD64;00 00 00 00;Dream Dios
0xC361D4,0xC3625C,0xD9FFC4;0x0094CD7C;00 00;Indefinite releaser Carretics
0xD3BC9C,0xD3BD24,0xDA29FC;0x0094CD98;00 00 00 00;幻想科学者 Researcher Fox
0xC828E4,0xC8296C,0xD7816C,0xD9AC70,0xD9B84C;0x0094CDC0;00 00;シス   
0xD111F4,0xD1127C,0xDA238C;0x0094CDCC;00 00 00 00;Beauty Venus
0xCBF46C,0xCBF4F4,0xDA17C4;0x0094CDE4;00 00;蒼嵐水将 イ   
0xD1F6EC,0xD1F774,0xDA2664;0x0094CDF8;00 00 00 00;Finder of Force ロ
0x8D7684,0xD29B14,0xD29B9C,0xD48734,0xD48738,0xD49740,0xD49744,0xD685A8,0xD685AC,0xD68CC4,0xD68CC8,0xD72210,0xD72214,0xDA0A1C,0xDA0B4C,0xDA2824;0x0094CE14;00 00;ＣＥＯ ア    
0xCD0D74,0xCD0DFC,0xD426DC,0xD42764,0xDA19AC,0xDA1C64,0xDA1C6C,0xDA1CE4,0xDA2A9C;0x0094CE28;00 00;ラ      
0xD17CBC,0xD17D44,0xDA24B4,0xDA24E4,0xDA253C;0x0094CE38;00 00 00 00;ロー  
0xCBC49C,0xCBC524,0xCC40EC,0xCC4174,0xDA1744,0xDA1874;0x0094CE44;00 00 00 00;蒼嵐水将 Starless
0xCCE9DC,0xCCEA64,0xDA1974;0x0094CE5C;00 00 00 00;蒼嵐水将 Milos
0xCB363C,0xCB36C4,0xCBAC2C,0xCBACB4,0xD5D2B4,0xD5D2B8,0xD5E1F0,0xD5E1F4,0xDA1574,0xDA16BC;0x0094CE70;00 00;Silver Blaze
0xC84594,0xC8461C,0xD78198,0xD9BC9C,0xD9C764;0x0094CE84;00 00;Spike Brothers
0xC95154,0xC951DC,0xD78194,0xD9C428;0x0094CE98;00 00 00 00;Dark Ill  
0xCE58F4,0xCE597C,0xCEC5DC,0xCEC664,0xD4D290,0xD4D294,0xD4E2D0,0xD4E2D4,0xDA1C5C,0xDA1D3C;0x0094CEB0;00 00;Maiden of Trailing Rose
0xCBCF3C,0xCBCFC4,0xCC463C,0xCC46C4,0xDA1774,0xDA1894;0x0094CED4;00 00;古代竜 Tiranobyte
0xCC8B4C,0xCC8BD4,0xD423AC,0xD42434,0xDA1904,0xDA1964,0xDA196C,0xDA1A14,0xDA1CB4,0xDA27DC,0xDA2A8C;0x0094CEEC;00 00;Chronojet
0xD0CD6C,0xD0CDF4,0xDA2294;0x0094CEFC;00 00;fighters Mac Art
0xCDEFC4,0xCDF04C,0xDA1BD4;0x0094CF18;00 00;Charlotte
0xD1BE9C,0xD1BF24,0xD2A1FC,0xD2A284,0xDA25AC,0xDA25BC,0xDA283C;0x0094CF28;00 00 00 00;騎士王 Alfred
0xD1B0CC,0xD1B154,0xD1D464,0xD1D4EC,0xD1E454,0xD1E4DC,0xD39CBC,0xD39D44,0xDA2544,0xDA254C,0xDA2554,0xDA2564,0xDA256C,0xDA25B4,0xDA25C4,0xDA25EC,0xDA25F4,0xDA2604,0xDA261C,0xDA2624,0xDA262C,0xDA2884,0xDA2994;0x0094CF40;00 00 00 00;Alfred
0xC34524,0xC345AC,0xD9FF6C;0x0094CF50;00 00;Explorer of Heaven Valrod
0x8D76D0,0xCC58D4,0xCC595C,0xCCC6CC,0xCCC754,0xD4D1C0,0xD4D1C4,0xD4E200,0xD4E204,0xDA066C,0xDA18CC,0xDA1944;0x0094CF6C;00 00 00 00;ゴonic Overload The End
0x8D5840,0x8D7200,0xCD5DAC,0xCD5E34,0xCD9A3C,0xCD9AC4,0xCDA91C,0xCDA9A4,0xD1B264,0xD1B374,0xD1E5EC,0xD1E6FC,0xD42F40,0xD42F44,0xD48664,0xD48668,0xD496A4,0xD496A8,0xD70948,0xD7094C,0xD71A24,0xD71A28,0xD7396C,0xD73970,0xD9620C,0xD9FE94,0xD9FE9C,0xDA00D4,0xDA00EC,0xDA011C,0xDA0144,0xDA05CC,0xDA0674,0xDA1A24,0xDA1ADC,0xDA1B44,0xDA2874,0xDA287C,0xDA288C;0x0094CF98;00 00 00 00;Blaster Blade
0xD3B30C,0xD3B394,0xDA29DC;0x0094CFB0;00 00 00 00;  Kuzunoha
0xD0DD5C,0xD0DDE4,0xDA22C4;0x0094CFC8;00 00;Comet Witch Server
0xCD78C4,0xCD794C,0xDA1AAC;0x0094CFDC;00 00;煉獄竜騎士 タ    
0xCD03E4,0xCD046C,0xDA1994;0x0094CFF4;00 00 00 00;Helper Guru Wolf
0xC3339C,0xC334AC,0xC6EA04,0xC6EB14,0xD1FB4C,0xD1FBD4,0xD2117C,0xD21204,0xD9FF2C,0xD9FF34,0xD9FF3C,0xD9FF44,0xDA0814,0xDA085C,0xDA08B4,0xDA08BC,0xDA099C,0xDA1074,0xDA10C4,0xDA10CC,0xDA112C,0xDA240C,0xDA243C,0xDA2474,0xDA2484,0xDA2674,0xDA26C4,0xDA284C,0xDA2924,0xDA2954,0xDA295C,0xDA2A5C;0x0094D010;00 00 00 00;Dimensional Robot
0xC86A3C,0xC86AC4,0xC8AEB4,0xC8AF3C,0xC8B744,0xC8B854,0xC8E02C,0xC8E0B4,0xDA0D0C,0xDA0D5C,0xDA0DD4,0xDA0DDC,0xDA0DE4,0xDA0E3C,0xDA1294,0xDA1BEC,0xDA1BF4;0x0094D01C;00 00 00 00;封竜
0xC87B3C,0xC87C4C,0xC8ECEC,0xC8EDFC,0xDA0D24,0xDA0D6C,0xDA0D74,0xDA0DEC,0xDA0DF4,0xDA0DFC,0xDA0E54,0xDA17A4,0xDA17AC,0xDA180C,0xDA269C,0xDA275C;0x0094D024;00 00;古代竜
0xCA1B9C,0xCA1CAC,0xCA30DC,0xCA31EC,0xCA94BC,0xCA95CC,0xDA118C,0xDA11BC,0xDA12E4;0x0094D02C;00 00 00 00;Light Sanctuary
0xD0C5FC,0xD0C684,0xD0EBB4,0xD0EC3C,0xDA2264,0xDA22EC;0x0094D038;00 00 00 00;Current Witch Home
0xCD61EC,0xCD6274,0xCD9E7C,0xCD9F04,0xCDAC4C,0xCDACD4,0xDA1A54,0xDA1B0C,0xDA1B5C;0x0094D04C;00 00;煉獄竜 Dragonic Neoffraim
0xC3713C,0xC371C4,0xD9FFFC;0x0094D070;00 00;星輝兵 Magnesium
0xCBC05C,0xCBC0E4,0xCC3CAC,0xCC3D34,0xDA1734,0xDA1864;0x0094D08C;00 00 00 00;Flash Gun Osmium
0x8D7610,0xCDC7EC,0xCDC874,0xCE3804,0xCE388C,0xDA0A54,0xDA0A6C,0xDA0AA4,0xDA0ACC,0xDA1C34;0x0094D0A8;00 00 00 00;隠密魔竜 ガrm    
0xCADA54,0xCADB64,0xDA0ADC,0xDA140C,0xDA19EC,0xDA19F4,0xDA2734;0x0094D0C4;00 00 00 00;Mel メ   
0x8D7720,0xD2A52C,0xD2A5B4,0xDA2854;0x0094D0D8;00 00;Ultimate Dimensional Robot Great Dai Yusha
0xCDEB84,0xCDEC0C,0xD294B4,0xD2953C,0xDA1BCC,0xDA280C;0x0094D0FC;00 00 00 00;Sand Dust In ator Home
0xD100F4,0xD1017C,0xDA235C;0x0094D114;00 00;God's Day Home
0xCC881C,0xCC88A4,0xD602D8,0xD602DC,0xDA18FC;0x0094D128;00 00 00 00;Steam Night Pzull Iri
0xD0FB1C,0xD0FBA4,0xD1248C,0xD12514,0xDA233C,0xDA23DC;0x0094D148;00 00;Black Snake Witch Home
0xC35EA4,0xC35F2C,0xCBB5BC,0xCBB644,0xCC320C,0xCC3294,0xCC4A7C,0xCC4B04,0xD9FFBC,0xDA16F4,0xDA1824,0xDA18AC;0x0094D15C;00 00;Vow Releaser Agroval
0xCD5FCC,0xCD6054,0xCD9C5C,0xCD9CE4,0xDA1A3C,0xDA1AF4;0x0094D178;00 00;Determination releaser Agroval
0xCB4AF4,0xCB4B7C,0xDA15BC;0x0094D194;00 00;銃irrel Gunman Saul
0xCB473C,0xCB47C4,0xD5D2E8,0xD5D2EC,0xDA15AC;0x0094D1AC;00 00 00 00;Frozen Augle
0xC77F4C,0xC7805C,0xDA0A8C,0xDA0A94,0xDA11FC,0xDA1264,0xDA126C,0xDA127C,0xDA2714;0x0094D1C4;00 00 00 00;Azer
0xD27FFC,0xD28084,0xDA27E4;0x0094D1D0;00 00 00 00;煉獄竜騎士 Nazel
0xCE5FDC,0xCE6064,0xD3AFDC,0xD3B064,0xDA1C74,0xDA29D4;0x0094D1E8;00 00;Dosing Guardian Angel As Model
0xD1765C,0xD176E4,0xDA24C4;0x0094D204;00 00 00 00;Duo demon ウェパル
0xCE6C9C,0xCE6D24,0xDA1CA4;0x0094D224;00 00;Fen  
0x8D75D4,0xD13CFC,0xD13D84,0xDA08AC,0xDA08D4,0xDA094C,0xDA242C;0x0094D230;00 00;銀河超獣 ズィール
0x8D7584,0xD29FDC,0xD2A064,0xD66E80,0xD66E84,0xD734C0,0xD734C4,0xD962AC,0xDA1DD4,0xDA1DEC,0xDA1E04,0xDA2834;0x0094D244;00 00 00 00;Top Idol ヴィ   
0xCA7F14,0xCA7F9C,0xD781B4;0x0094D264;00 00;ectar  
0xCC8684,0xCC870C,0xDA18F4;0x0094D274;00 00;Viktor
0xCE630C,0xCE6394,0xDA1C8C;0x0094D280;00 00;Gaure
0xCD640C,0xCD6494,0xCDA09C,0xCDA124,0xD1B7B4,0xD1B83C,0xDA1A5C,0xDA1B14,0xDA2574;0x0094D28C;00 00 00 00;Parallel Root Gheel
0xC7DCCC,0xC7DCFC,0xC7DDDC,0xC7DE0C,0xC85014,0xC85044,0xC85124,0xC85154,0xCA0A9C,0xCA0B24,0xCA83BC,0xCA8444,0xCD124C,0xCD12D4,0xD1FCC4,0xD1FD4C,0xD3DFBC,0xD3E044,0xDA0B74,0xDA0B94,0xDA0BC4,0xDA0BCC,0xDA0BD4,0xDA0C3C,0xDA0CAC,0xDA0CCC,0xDA1154,0xDA11DC,0xDA1254,0xDA12AC,0xDA19BC,0xDA19C4,0xDA1CF4,0xDA25FC,0xDA260C,0xDA2684,0xDA2914,0xDA2A3C,0xDA2A4C;0x0094D2A8;00 00 00 00;宝石騎士
0xCB385C,0xCB38E4,0xCBAF5C,0xCBAFE4,0xDA1584,0xDA16CC;0x0094D2B4;00 00 00 00;Peony Gunman Toray
0xC931FC,0xC93284,0xD78160,0xD9AA48,0xD9AFAC,0xD9CAA0;0x0094D2CC;00 00; Paradin 
0xC821FC,0xC82284,0xD78164,0xD9A934,0xD9CCC8;0x0094D2E0;00 00;Gold Paradin
0xC81A04,0xC81A8C,0xD2834C,0xD2845C,0xD78158,0xD9CDDC;0x0094D2F4;00 00;Royal Paladin
0xCB8564,0xCB85EC,0xDA1654;0x0094D308;00 00 00 00;鋼闘機 Digalion
0x8D76EC,0xCCE2F4,0xCCE37C,0xCD596C,0xCD59F4,0xD4E4A4,0xD4E4A8,0xD4F95C,0xD4F960,0xDA0A3C,0xDA0B6C,0xDA195C,0xDA1A0C;0x0094D320;00 00;ゴonic Ka  Vermilion
0xCBF02C,0xCBF0B4,0xDA17BC;0x0094D348;00 00;不死竜 ドラゴン Dragon
0xD3ACAC,0xD3AD34,0xDA29C4;0x0094D360;00 00 00 00;探索者 Light Blaze Dragon
0xCB2FDC,0xCB3064,0xDA1554;0x0094D384;00 00;喧嘩屋 Wild Fist Dragon
0xCBBC1C,0xCBBCA4,0xCC386C,0xCC38F4,0xCC4DAC,0xCC4E34,0xDA170C,0xDA183C,0xDA18BC;0x0094D3A8;00 00 00 00;煉獄竜 Whi  Dragon 
0xCB2DBC,0xCB2E44,0xCBA29C,0xCBA324,0xDA154C,0xDA1694;0x0094D3CC;00 00;喧嘩屋 Big Bangslash Dragon
0xC350D4,0xC3515C,0xD9FF8C;0x0094D3F4;00 00;喧嘩屋 Skyhaul Dragon
0xCBB9FC,0xCBBA84,0xCC364C,0xCC36D4,0xDA1704,0xDA1834;0x0094D414;00 00 00 00;煉獄竜 Menas Laser Dragon
0xC36E0C,0xC36E94,0xCD662C,0xCD66B4,0xCDA2BC,0xCDA344,0xCDAF7C,0xCDB004,0xD9FFF4,0xDA1A6C,0xDA1B24,0xDA1B6C;0x0094D438;00 00;Starry Photon
0xCBD2F4,0xCBD37C,0xDA177C;0x0094D450;00 00 00 00;Unmatched Starlight Radon
0xD147BC,0xD14844,0xDA241C,0xDA2464,0xDA247C;0x0094D468;00 00;Inigman
0xD0FED4,0xD0FF5C,0xDA2354;0x0094D474;00 00;Dog eagle witch Jasmine
0x8D772C,0xD2A74C,0xD2A7D4,0xDA0EB4,0xDA102C,0xDA2864;0x0094D48C;00 00 00 00;魔界侯爵 Amon
0xCE1D94,0xCE1E1C,0xCE2604,0xCE268C,0xDA0F54,0xDA0FB4,0xDA0FBC,0xDA0FC4,0xDA1C14,0xDA1C1C,0xDA1C24,0xDA2784,0xDA285C;0x0094D4A0;00 00;Amon
0xCBD6AC,0xCBD734,0xCC485C,0xCC48E4,0xDA1784,0xDA189C;0x0094D4A8;00 00;海賊麗人 Pinot・
0xCBC6BC,0xCBC744,0xCC430C,0xCC4394,0xDA1754,0xDA1884;0x0094D4C0;00 00 00 00;Explorer ケlin
0xD0F8FC,0xD0F984,0xD1226C,0xD122F4,0xD12C84,0xD12D0C,0xDA232C,0xDA23CC,0xDA23FC;0x0094D4D8;00 00;Des  Norn
0xCBB7DC,0xCBB864,0xCC342C,0xCC34B4,0xDA16FC,0xDA182C;0x0094D4EC;00 00 00 00;Sunset Releaser Traheln
0xCBC8DC,0xCBC964,0xDA1764;0x0094D508;00 00;Royal Road Releaser Faron
0xD42244,0xD422BC,0xDA258C,0xDA2644,0xDA2A84;0x0094D520;00 00;The Root of Bonds Greyon
0xD3DD8C,0xD3DE14,0xDA2A44;0x0094D538;00 00 00 00;宝石騎士 Home 
0xC946B4,0xC9473C,0xD78190,0xD9AB5C,0xD9AE98,0xD9CEF0,0xD9D340;0x0094D550;00 00 00 00;Link Joker
0xD3B63C,0xD3B6C4,0xD732B8,0xD732BC,0xDA29E4;0x0094D564;00 00;Barking Sky Tiger
0xC8A0F4,0xC8A17C,0xD78168,0xD9AD84;0x0094D580;00 00;Angel Feather
0xD29184,0xD2920C,0xDA2804;0x0094D594;00 00;Duo Love Drops ク
0xCF9C7C,0xCF9D8C,0xCFD5FC,0xCFD70C,0xCFD81C,0xCFD92C,0xCFDB2C,0xCFDB5C,0xCFDBB4,0xCFDBE4,0xCFF994,0xCFFAA4,0xCFFBB4,0xCFFCC4,0xCFFDB4,0xCFFDE4,0xCFFE3C,0xCFFE6C,0xDA191C,0xDA1F04,0xDA1F0C,0xDA1F14,0xDA1F1C,0xDA1FDC,0xDA1FE4,0xDA1FEC,0xDA1FFC,0xDA200C,0xDA2014,0xDA201C,0xDA2814,0xDA2A54;0x0094D5B0;00 00;Battle Sister
0xCB341C,0xCB34A4,0xCBA8FC,0xCBA984,0xDA156C,0xDA16B4;0x0094D5C0;00 00 00 00;鋼闘機 バ     
0xCBBE3C,0xCBBEC4,0xCC3A8C,0xCC3B14,0xDA171C,0xDA184C;0x0094D5D8;00 00;喧嘩屋 Big Bangslash Buster
0xCC7E04,0xCC7E8C,0xD5FD90,0xD5FD94,0xD611AC,0xD611B0,0xDA18E4,0xDA1B84;0x0094D600;00 00;ゴonic Blade Master
0xC3EAE4,0xC3EBF4,0xC56DA4,0xC56E2C,0xC5803C,0xC5814C,0xC5BCCC,0xC5BD54,0xC5C904,0xC5CA14,0xCDB2AC,0xCDB3BC,0xCECB2C,0xCECC3C,0xDA004C,0xDA005C,0xDA0074,0xDA0084,0xDA009C,0xDA05DC,0xDA05F4,0xDA05FC,0xDA0604,0xDA060C,0xDA0634,0xDA0684,0xDA069C,0xDA06A4,0xDA1B7C,0xDA1D44,0xDA2704,0xDA290C;0x0094D620;00 00;Blaster
0xCB4384,0xCB440C,0xDA15A4;0x0094D62C;00 00;鋼闘機 Leionette
0xCD684C,0xCD68D4,0xCDA4DC,0xCDA564,0xDA1A7C,0xDA1B34;0x0094D644;00 00 00 00;星輝兵 Sword Viper
0xCBC27C,0xCBC304,0xCC3ECC,0xCC3F54,0xDA173C,0xDA186C;0x0094D660;00 00 00 00;星輝兵 Astrolley Par
0xCBE58C,0xCBE614,0xDA179C;0x0094D67C;00 00;古代竜 Night Armor
0xCCF47C,0xCCF504,0xDA197C;0x0094D694;00 00 00 00;Vanquisher